{
  "changed":false,
  "description":"Allow SSH and HTTPS for PAN NGFWs",
  "failed":false,
  "group_id":"sg-0b9c3ed07a8c51e8e",
  "group_name":"securityPAN",
  "ip_permissions":[
    {
      "from_port":22,
      "ip_protocol":"tcp",
      "ip_ranges":[
        {
          "cidr_ip":"0.0.0.0/0",
          "description":"SSH"
        }
      ],
      "ipv6_ranges":[],
      "prefix_list_ids":[],
      "to_port":22,
      "user_id_group_pairs":[]
    },
    {
      "from_port":443,
      "ip_protocol":"tcp",
      "ip_ranges":[
        {
          "cidr_ip":"0.0.0.0/0",
          "description":"HTTPS"
        }
      ],
      "ipv6_ranges":[],
      "prefix_list_ids":[],
      "to_port":443,
      "user_id_group_pairs":[]
    }
  ],
  "ip_permissions_egress":[
    {
      "ip_protocol":"-1",
      "ip_ranges":[
        {
          "cidr_ip":"0.0.0.0/0"
        }
      ],
      "ipv6_ranges":[],
      "prefix_list_ids":[],
      "user_id_group_pairs":[]
    }
  ],
  "owner_id":"043535020805",
  "tags":{},
  "vpc_id":"vpc-7d5a7b1b"
}
