{
  "changed":false,
  "failed":false,
  "images":[
    {
      "architecture":"x86_64",
      "block_device_mappings":[
        {
          "device_name":"/dev/xvda",
          "ebs":{
            "delete_on_termination":false,
            "encrypted":false,
            "snapshot_id":"snap-03c2d4a318ec97e4a",
            "volume_size":60,
            "volume_type":"gp2"
          }
        }
      ],
      "creation_date":"2020-12-07T17:19:51.000Z",
      "description":"PA-VM-AWS-9.1.6",
      "ena_support":true,
      "hypervisor":"xen",
      "image_id":"ami-04d797af2d3326de3",
      "image_location":"aws-marketplace/PA-VM-AWS-9.1.6-f1260463-68e1-4bfb-bf2e-075c2664c1d7",
      "image_owner_alias":"aws-marketplace",
      "image_type":"machine",
      "name":"PA-VM-AWS-9.1.6-f1260463-68e1-4bfb-bf2e-075c2664c1d7",
      "owner_id":"679593333241",
      "platform_details":"Linux/UNIX",
      "product_codes":[
        {
          "product_code_id":"e9yfvyj3uag5uo5j2hjikv74n",
          "product_code_type":"marketplace"
        }
      ],
      "public":true,
      "root_device_name":"/dev/xvda",
      "root_device_type":"ebs",
      "sriov_net_support":"simple",
      "state":"available",
      "tags":{
        
      },
      "usage_operation":"RunInstances",
      "virtualization_type":"hvm"
    }
  ]
}
