{
  "changed":true,
  "msg":"All items completed",
  "results":[
    {
      "ansible_loop_var":"item",
      "changed":true,
      "failed":false,
      "interface":{
        "description":"",
        "groups":{
          "sg-02beb03312f5305ef":"SG_Globo_Mgmt"
        },
        "id":"eni-0da7fe0f83a4c2c51",
        "mac_address":"12:34:38:c7:16:57",
        "name":"ENI_Globo_Mgmt",
        "owner_id":"043535020805",
        "private_ip_address":"10.0.0.77",
        "private_ip_addresses":[
          {
            "primary_address":true,
            "private_ip_address":"10.0.0.77"
          }
        ],
        "source_dest_check":true,
        "status":"available",
        "subnet_id":"subnet-08a651f2673d78235",
        "tags":{
          "Name":"ENI_Globo_Mgmt"
        },
        "vpc_id":"vpc-09b25c5666edf08d5"
      },
      "invocation":{
        "module_args":{
          "allow_reassignment":false,
          "attached":null,
          "aws_access_key":"AKIAQUIXDWMCX6PXMJO7",
          "aws_ca_bundle":null,
          "aws_config":null,
          "aws_secret_key":"VALUE_SPECIFIED_IN_NO_LOG_PARAMETER",
          "debug_botocore_endpoint_logs":false,
          "delete_on_termination":null,
          "description":null,
          "device_index":0,
          "ec2_url":null,
          "eni_id":null,
          "force_detach":false,
          "instance_id":null,
          "name":"ENI_Globo_Mgmt",
          "private_ip_address":"10.0.0.77",
          "profile":null,
          "purge_secondary_private_ip_addresses":false,
          "purge_tags":true,
          "region":null,
          "secondary_private_ip_address_count":null,
          "secondary_private_ip_addresses":null,
          "security_groups":[
            "SG_Globo_Mgmt"
          ],
          "security_token":null,
          "source_dest_check":null,
          "state":"present",
          "subnet_id":"subnet-08a651f2673d78235",
          "tags":null,
          "validate_certs":true
        }
      },
      "item":{
        "name":"ENI_Globo_Mgmt",
        "private_ip_address":"10.0.0.77",
        "security_groups":[
          "SG_Globo_Mgmt"
        ],
        "subnet_id":"subnet-08a651f2673d78235"
      }
    },
    {
      "ansible_loop_var":"item",
      "changed":true,
      "failed":false,
      "interface":{
        "description":"",
        "groups":{
          "sg-05b636769b88aecee":"SG_Globo_VPN"
        },
        "id":"eni-0700cb22856a2e9a1",
        "mac_address":"12:a3:b2:0a:2c:81",
        "name":"ENI_Globo_VPN",
        "owner_id":"043535020805",
        "private_ip_address":"10.0.1.77",
        "private_ip_addresses":[
          {
            "primary_address":true,
            "private_ip_address":"10.0.1.77"
          }
        ],
        "source_dest_check":true,
        "status":"available",
        "subnet_id":"subnet-02129bec7a66f3e3b",
        "tags":{
          "Name":"ENI_Globo_VPN"
        },
        "vpc_id":"vpc-09b25c5666edf08d5"
      },
      "invocation":{
        "module_args":{
          "allow_reassignment":false,
          "attached":null,
          "aws_access_key":"AKIAQUIXDWMCX6PXMJO7",
          "aws_ca_bundle":null,
          "aws_config":null,
          "aws_secret_key":"VALUE_SPECIFIED_IN_NO_LOG_PARAMETER",
          "debug_botocore_endpoint_logs":false,
          "delete_on_termination":null,
          "description":null,
          "device_index":0,
          "ec2_url":null,
          "eni_id":null,
          "force_detach":false,
          "instance_id":null,
          "name":"ENI_Globo_VPN",
          "private_ip_address":"10.0.1.77",
          "profile":null,
          "purge_secondary_private_ip_addresses":false,
          "purge_tags":true,
          "region":null,
          "secondary_private_ip_address_count":null,
          "secondary_private_ip_addresses":null,
          "security_groups":[
            "SG_Globo_VPN"
          ],
          "security_token":null,
          "source_dest_check":null,
          "state":"present",
          "subnet_id":"subnet-02129bec7a66f3e3b",
          "tags":null,
          "validate_certs":true
        }
      },
      "item":{
        "name":"ENI_Globo_VPN",
        "private_ip_address":"10.0.1.77",
        "security_groups":[
          "SG_Globo_VPN"
        ],
        "subnet_id":"subnet-02129bec7a66f3e3b"
      }
    },
    {
      "ansible_loop_var":"item",
      "changed":true,
      "failed":false,
      "interface":{
        "description":"",
        "groups":{
          "sg-02beb03312f5305ef":"SG_Globo_Mgmt"
        },
        "id":"eni-044fe0620c7affbba",
        "mac_address":"12:d5:2e:89:2c:83",
        "name":"ENI_Globo_Servers",
        "owner_id":"043535020805",
        "private_ip_address":"10.0.2.77",
        "private_ip_addresses":[
          {
            "primary_address":true,
            "private_ip_address":"10.0.2.77"
          }
        ],
        "source_dest_check":true,
        "status":"available",
        "subnet_id":"subnet-0cf3678e71f361606",
        "tags":{
          "Name":"ENI_Globo_Servers"
        },
        "vpc_id":"vpc-09b25c5666edf08d5"
      },
      "invocation":{
        "module_args":{
          "allow_reassignment":false,
          "attached":null,
          "aws_access_key":"AKIAQUIXDWMCX6PXMJO7",
          "aws_ca_bundle":null,
          "aws_config":null,
          "aws_secret_key":"VALUE_SPECIFIED_IN_NO_LOG_PARAMETER",
          "debug_botocore_endpoint_logs":false,
          "delete_on_termination":null,
          "description":null,
          "device_index":0,
          "ec2_url":null,
          "eni_id":null,
          "force_detach":false,
          "instance_id":null,
          "name":"ENI_Globo_Servers",
          "private_ip_address":"10.0.2.77",
          "profile":null,
          "purge_secondary_private_ip_addresses":false,
          "purge_tags":true,
          "region":null,
          "secondary_private_ip_address_count":null,
          "secondary_private_ip_addresses":null,
          "security_groups":[
            "SG_Globo_Mgmt"
          ],
          "security_token":null,
          "source_dest_check":null,
          "state":"present",
          "subnet_id":"subnet-0cf3678e71f361606",
          "tags":null,
          "validate_certs":true
        }
      },
      "item":{
        "name":"ENI_Globo_Servers",
        "private_ip_address":"10.0.2.77",
        "security_groups":[
          "SG_Globo_Mgmt"
        ],
        "subnet_id":"subnet-0cf3678e71f361606"
      }
    }
  ]
}
