{
  "changed":true,
  "failed":false,
  "instance_ids":[
    "i-047cc5c52be64ff46"
  ],
  "instances":[
    {
      "ami_launch_index":"0",
      "architecture":"x86_64",
      "block_device_mapping":{
        "/dev/xvda":{
          "delete_on_termination":true,
          "status":"attached",
          "volume_id":"vol-0db5f7be254445809"
        }
      },
      "dns_name":"ec2-34-207-68-13.compute-1.amazonaws.com",
      "ebs_optimized":false,
      "groups":{
        "sg-0b9c3ed07a8c51e8e":"securityPAN"
      },
      "hypervisor":"xen",
      "id":"i-047cc5c52be64ff46",
      "image_id":"ami-04d797af2d3326de3",
      "instance_type":"m4.large",
      "kernel":null,
      "key_name":"EC2-key-pair",
      "launch_time":"2020-12-09T17:42:13.000Z",
      "placement":"us-east-1b",
      "private_dns_name":"ip-10-125-0-123.ec2.internal",
      "private_ip":"10.125.0.123",
      "public_dns_name":"ec2-34-207-68-13.compute-1.amazonaws.com",
      "public_ip":"34.207.68.13",
      "ramdisk":null,
      "region":"us-east-1",
      "root_device_name":"/dev/xvda",
      "root_device_type":"ebs",
      "state":"running",
      "state_code":16,
      "tags":{
        "Name":"globoPAN"
      },
      "tenancy":"default",
      "virtualization_type":"hvm"
    }
  ],
  "tagged_instances":[
    {
      "ami_launch_index":"0",
      "architecture":"x86_64",
      "block_device_mapping":{
        "/dev/xvda":{
          "delete_on_termination":true,
          "status":"attached",
          "volume_id":"vol-0db5f7be254445809"
        }
      },
      "dns_name":"ec2-34-207-68-13.compute-1.amazonaws.com",
      "ebs_optimized":false,
      "groups":{
        "sg-0b9c3ed07a8c51e8e":"securityPAN"
      },
      "hypervisor":"xen",
      "id":"i-047cc5c52be64ff46",
      "image_id":"ami-04d797af2d3326de3",
      "instance_type":"m4.large",
      "kernel":null,
      "key_name":"EC2-key-pair",
      "launch_time":"2020-12-09T17:42:13.000Z",
      "placement":"us-east-1b",
      "private_dns_name":"ip-10-125-0-123.ec2.internal",
      "private_ip":"10.125.0.123",
      "public_dns_name":"ec2-34-207-68-13.compute-1.amazonaws.com",
      "public_ip":"34.207.68.13",
      "ramdisk":null,
      "region":"us-east-1",
      "root_device_name":"/dev/xvda",
      "root_device_type":"ebs",
      "state":"running",
      "state_code":16,
      "tags":{
        "Name":"globoPAN"
      },
      "tenancy":"default",
      "virtualization_type":"hvm"
    }
  ]
}
