{
  "changed":true,
  "msg":"All items completed",
  "results":[
    {
      "allocation_id":"eipalloc-07584ddce08e6938e",
      "ansible_loop_var":"item",
      "changed":true,
      "failed":false,
      "invocation":{
        "module_args":{
          "allow_reassociation":false,
          "aws_access_key":"AKIAQUIXDWMCX6PXMJO7",
          "aws_ca_bundle":null,
          "aws_config":null,
          "aws_secret_key":"VALUE_SPECIFIED_IN_NO_LOG_PARAMETER",
          "debug_botocore_endpoint_logs":false,
          "device_id":"eni-042062774bf103366",
          "ec2_url":null,
          "in_vpc":true,
          "private_ip_address":null,
          "profile":null,
          "public_ip":null,
          "public_ipv4_pool":null,
          "region":"us-east-1",
          "release_on_disassociation":true,
          "reuse_existing_ip_allowed":false,
          "security_token":null,
          "state":"present",
          "tag_name":null,
          "tag_value":null,
          "validate_certs":true,
          "wait_timeout":null
        }
      },
      "item":"eni-042062774bf103366",
      "public_ip":"54.205.75.136"
    },
    {
      "allocation_id":"eipalloc-0e9d151ad111e1c6c",
      "ansible_loop_var":"item",
      "changed":true,
      "failed":false,
      "invocation":{
        "module_args":{
          "allow_reassociation":false,
          "aws_access_key":"AKIAQUIXDWMCX6PXMJO7",
          "aws_ca_bundle":null,
          "aws_config":null,
          "aws_secret_key":"VALUE_SPECIFIED_IN_NO_LOG_PARAMETER",
          "debug_botocore_endpoint_logs":false,
          "device_id":"eni-052e47e33cf9f7b5c",
          "ec2_url":null,
          "in_vpc":true,
          "private_ip_address":null,
          "profile":null,
          "public_ip":null,
          "public_ipv4_pool":null,
          "region":"us-east-1",
          "release_on_disassociation":true,
          "reuse_existing_ip_allowed":false,
          "security_token":null,
          "state":"present",
          "tag_name":null,
          "tag_value":null,
          "validate_certs":true,
          "wait_timeout":null
        }
      },
      "item":"eni-052e47e33cf9f7b5c",
      "public_ip":"52.73.42.147"
    }
  ]
}
