{
  "attempts":77,
  "changed":true,
  "failed":false,
  "stdout":"Last login: Wed Dec  9 10:04:42 2020 from ec2-3-94-203-105.compute-1.amazonaws.com\r\r\nSystem initializing; please wait... (CTRL-C to bypass)\r\nWelcome admin.\r\nadmin@PA-VM> configure\r\nEntering configuration mode\r\n[edit]                                                                          \r\nadmin@PA-VM# set \r\u001b[Kadmin@PA-VM# set mgt-config \r\u001b[Kadmin@PA-VM# set mgt-config users \r\u001b[Kadmin@PA-VM# set mgt-config users admin \r\u001b[Kadmin@PA-VM# set mgt-config users admin password\r\nEnter password   : \r\nConfirm password : \r\n\u001b[?1h\u001b=\r\r\n\r\u001b[K\u001b[?1l\u001b>[edit]                                                                          \r\nadmin@PA-VM# commit\r\n\u001b[?1h\u001b=\r\r\n\r\u001b[K\u001b[?1l\u001b>\r\nServer error : Commit job was not queued since auto-commit not yet finished successfully. Please use \"commit force\" to schedule commit job\r\n[edit]                                                                          \r\nadmin@PA-VM# ",
  "stdout_lines":[
    "Last login: Wed Dec  9 10:04:42 2020 from ec2-3-94-203-105.compute-1.amazonaws.com",
    "",
    "System initializing; please wait... (CTRL-C to bypass)",
    "Welcome admin.",
    "admin@PA-VM> configure",
    "Entering configuration mode",
    "[edit]                                                                          ",
    "admin@PA-VM# set ",
    "\u001b[Kadmin@PA-VM# set mgt-config ",
    "\u001b[Kadmin@PA-VM# set mgt-config users ",
    "\u001b[Kadmin@PA-VM# set mgt-config users admin ",
    "\u001b[Kadmin@PA-VM# set mgt-config users admin password",
    "Enter password   : ",
    "Confirm password : ",
    "\u001b[?1h\u001b=",
    "",
    "",
    "\u001b[K\u001b[?1l\u001b>[edit]                                                                          ",
    "admin@PA-VM# commit",
    "\u001b[?1h\u001b=",
    "",
    "",
    "\u001b[K\u001b[?1l\u001b>",
    "Server error : Commit job was not queued since auto-commit not yet finished successfully. Please use \"commit force\" to schedule commit job",
    "[edit]                                                                          ",
    "admin@PA-VM# "
  ]
}
