{
  "admin_pass":{
    "attempts":1,
    "changed":true,
    "failed":false,
    "stdout":"Last login: Wed Dec  9 08:00:57 2020 from ec2-3-94-203-105.compute-1.amazonaws.com\r\r\n\r\n\r\n\r\nNumber of failed attempts since last successful login: 310\r\n\r\nThere have been failed attempted logins from your username, which could mean someone is trying to brute-force your login. If this is not expected, consider contacting your system administrator.\r\n\r\nadmin@PA-VM> configure\r\nEntering configuration mode\r\n[edit]                                                                          \r\nadmin@PA-VM# set \r\u001b[Kadmin@PA-VM# set mgt-config \r\u001b[Kadmin@PA-VM# set mgt-config users \r\u001b[Kadmin@PA-VM# set mgt-config users admin \r\u001b[Kadmin@PA-VM# set mgt-config users admin password\r\nEnter password   : \r\nConfirm password : \r\n\u001b[?1h\u001b=\r\r\n\r\u001b[K\u001b[?1l\u001b>[edit]                                                                          \r\nadmin@PA-VM# commit\r\n\u001b[?1h\u001b=\r\r\n\r\u001b[K\u001b[?1l\u001b>\r\n\r\nCommit job 2 is in progress. Use Ctrl+C to return to command prompt\r\n.....55%98%...............100%\r\nConfiguration committed successfully\r\n\r\n[edit]                                                                          \r\nadmin@PA-VM# ",
    "stdout_lines":[
      "Last login: Wed Dec  9 08:00:57 2020 from ec2-3-94-203-105.compute-1.amazonaws.com",
      "",
      "",
      "",
      "",
      "Number of failed attempts since last successful login: 310",
      "",
      "There have been failed attempted logins from your username, which could mean someone is trying to brute-force your login. If this is not expected, consider contacting your system administrator.",
      "",
      "admin@PA-VM> configure",
      "Entering configuration mode",
      "[edit]                                                                          ",
      "admin@PA-VM# set ",
      "\u001b[Kadmin@PA-VM# set mgt-config ",
      "\u001b[Kadmin@PA-VM# set mgt-config users ",
      "\u001b[Kadmin@PA-VM# set mgt-config users admin ",
      "\u001b[Kadmin@PA-VM# set mgt-config users admin password",
      "Enter password   : ",
      "Confirm password : ",
      "\u001b[?1h\u001b=",
      "",
      "",
      "\u001b[K\u001b[?1l\u001b>[edit]                                                                          ",
      "admin@PA-VM# commit",
      "\u001b[?1h\u001b=",
      "",
      "",
      "\u001b[K\u001b[?1l\u001b>",
      "",
      "Commit job 2 is in progress. Use Ctrl+C to return to command prompt",
      ".....55%98%...............100%",
      "Configuration committed successfully",
      "",
      "[edit]                                                                          ",
      "admin@PA-VM# "
    ]
  }
}
