{
  "changed":true,
  "failed":false,
  "route_table":{
    "associations":[
      {
        "association_state":{
          "state":"associated"
        },
        "main":false,
        "route_table_association_id":"rtbassoc-042c42a74dd011129",
        "route_table_id":"rtb-06b55b08da0395c7c",
        "subnet_id":"subnet-02ea5a1e6211297c5"
      }
    ],
    "id":"rtb-06b55b08da0395c7c",
    "owner_id":"043535020805",
    "propagating_vgws":[
      
    ],
    "route_table_id":"rtb-06b55b08da0395c7c",
    "routes":[
      {
        "destination_cidr_block":"10.0.0.0/16",
        "gateway_id":"local",
        "origin":"CreateRouteTable",
        "state":"active"
      }
    ],
    "tags":{
      "Name":"RT_Globo_Private"
    },
    "vpc_id":"vpc-0151ec2bd5acc3a2e"
  }
}
