{
  "changed":true,
  "failed":false,
  "route_table":{
    "associations":[
      {
        "association_state":{
          "state":"associated"
        },
        "main":false,
        "route_table_association_id":"rtbassoc-0c552de12e82c1d12",
        "route_table_id":"rtb-0f230a9a5e354d235",
        "subnet_id":"subnet-06430618788c5fc79"
      },
      {
        "association_state":{
          "state":"associated"
        },
        "main":false,
        "route_table_association_id":"rtbassoc-0813d45c22c0d46dd",
        "route_table_id":"rtb-0f230a9a5e354d235",
        "subnet_id":"subnet-06e5f193695a81c64"
      }
    ],
    "id":"rtb-0f230a9a5e354d235",
    "owner_id":"043535020805",
    "propagating_vgws":[
      
    ],
    "route_table_id":"rtb-0f230a9a5e354d235",
    "routes":[
      {
        "destination_cidr_block":"10.0.0.0/16",
        "gateway_id":"local",
        "origin":"CreateRouteTable",
        "state":"active"
      },
      {
        "destination_cidr_block":"0.0.0.0/0",
        "gateway_id":"igw-0add1df726f469ca0",
        "origin":"CreateRoute",
        "state":"active"
      }
    ],
    "tags":{
      "Name":"RT_Globo_Public"
    },
    "vpc_id":"vpc-0151ec2bd5acc3a2e"
  }
}
