{
  "changed":true,
  "msg":"All items completed",
  "results":[
    {
      "ansible_loop_var":"item",
      "changed":true,
      "failed":false,
      "invocation":{
        "module_args":{
          "assign_instances_ipv6":false,
          "aws_access_key":"AKIAQUIXDWMCX6PXMJO7",
          "aws_ca_bundle":null,
          "aws_config":null,
          "aws_secret_key":"VALUE_SPECIFIED_IN_NO_LOG_PARAMETER",
          "az":null,
          "cidr":"10.0.0.0/24",
          "debug_botocore_endpoint_logs":false,
          "ec2_url":null,
          "ipv6_cidr":"",
          "map_public":false,
          "profile":null,
          "purge_tags":true,
          "region":null,
          "security_token":null,
          "state":"present",
          "tags":{
            "Name":"NET_Globo_mgmt"
          },
          "validate_certs":true,
          "vpc_id":"vpc-0151ec2bd5acc3a2e",
          "wait":true,
          "wait_timeout":300
        }
      },
      "item":{
        "cidr":"10.0.0.0/24",
        "name":"NET_Globo_mgmt"
      },
      "subnet":{
        "assign_ipv6_address_on_creation":false,
        "availability_zone":"us-east-1d",
        "availability_zone_id":"use1-az6",
        "available_ip_address_count":251,
        "cidr_block":"10.0.0.0/24",
        "default_for_az":false,
        "id":"subnet-06430618788c5fc79",
        "ipv6_association_id":"",
        "ipv6_cidr_block":"",
        "ipv6_cidr_block_association_set":[
          
        ],
        "map_customer_owned_ip_on_launch":false,
        "map_public_ip_on_launch":false,
        "owner_id":"043535020805",
        "state":"available",
        "subnet_arn":"arn:aws:ec2:us-east-1:043535020805:subnet/subnet-06430618788c5fc79",
        "tags":{
          "Name":"NET_Globo_mgmt"
        },
        "vpc_id":"vpc-0151ec2bd5acc3a2e"
      }
    },
    {
      "ansible_loop_var":"item",
      "changed":true,
      "failed":false,
      "invocation":{
        "module_args":{
          "assign_instances_ipv6":false,
          "aws_access_key":"AKIAQUIXDWMCX6PXMJO7",
          "aws_ca_bundle":null,
          "aws_config":null,
          "aws_secret_key":"VALUE_SPECIFIED_IN_NO_LOG_PARAMETER",
          "az":null,
          "cidr":"10.0.1.0/24",
          "debug_botocore_endpoint_logs":false,
          "ec2_url":null,
          "ipv6_cidr":"",
          "map_public":false,
          "profile":null,
          "purge_tags":true,
          "region":null,
          "security_token":null,
          "state":"present",
          "tags":{
            "Name":"NET_Globo_VPN"
          },
          "validate_certs":true,
          "vpc_id":"vpc-0151ec2bd5acc3a2e",
          "wait":true,
          "wait_timeout":300
        }
      },
      "item":{
        "cidr":"10.0.1.0/24",
        "name":"NET_Globo_VPN"
      },
      "subnet":{
        "assign_ipv6_address_on_creation":false,
        "availability_zone":"us-east-1d",
        "availability_zone_id":"use1-az6",
        "available_ip_address_count":251,
        "cidr_block":"10.0.1.0/24",
        "default_for_az":false,
        "id":"subnet-06e5f193695a81c64",
        "ipv6_association_id":"",
        "ipv6_cidr_block":"",
        "ipv6_cidr_block_association_set":[
          
        ],
        "map_customer_owned_ip_on_launch":false,
        "map_public_ip_on_launch":false,
        "owner_id":"043535020805",
        "state":"available",
        "subnet_arn":"arn:aws:ec2:us-east-1:043535020805:subnet/subnet-06e5f193695a81c64",
        "tags":{
          "Name":"NET_Globo_VPN"
        },
        "vpc_id":"vpc-0151ec2bd5acc3a2e"
      }
    },
    {
      "ansible_loop_var":"item",
      "changed":true,
      "failed":false,
      "invocation":{
        "module_args":{
          "assign_instances_ipv6":false,
          "aws_access_key":"AKIAQUIXDWMCX6PXMJO7",
          "aws_ca_bundle":null,
          "aws_config":null,
          "aws_secret_key":"VALUE_SPECIFIED_IN_NO_LOG_PARAMETER",
          "az":null,
          "cidr":"10.0.2.0/24",
          "debug_botocore_endpoint_logs":false,
          "ec2_url":null,
          "ipv6_cidr":"",
          "map_public":false,
          "profile":null,
          "purge_tags":true,
          "region":null,
          "security_token":null,
          "state":"present",
          "tags":{
            "Name":"NET_Globo_Servers"
          },
          "validate_certs":true,
          "vpc_id":"vpc-0151ec2bd5acc3a2e",
          "wait":true,
          "wait_timeout":300
        }
      },
      "item":{
        "cidr":"10.0.2.0/24",
        "name":"NET_Globo_Servers"
      },
      "subnet":{
        "assign_ipv6_address_on_creation":false,
        "availability_zone":"us-east-1d",
        "availability_zone_id":"use1-az6",
        "available_ip_address_count":251,
        "cidr_block":"10.0.2.0/24",
        "default_for_az":false,
        "id":"subnet-02ea5a1e6211297c5",
        "ipv6_association_id":"",
        "ipv6_cidr_block":"",
        "ipv6_cidr_block_association_set":[
          
        ],
        "map_customer_owned_ip_on_launch":false,
        "map_public_ip_on_launch":false,
        "owner_id":"043535020805",
        "state":"available",
        "subnet_arn":"arn:aws:ec2:us-east-1:043535020805:subnet/subnet-02ea5a1e6211297c5",
        "tags":{
          "Name":"NET_Globo_Servers"
        },
        "vpc_id":"vpc-0151ec2bd5acc3a2e"
      }
    }
  ]
}
