{
  "R1":{
    "ansible_check_mode":false,
    "ansible_config_file":"/home/centos/code/netbox_ansible/m4_netbox/ansible.cfg",
    "ansible_diff_mode":false,
    "ansible_facts":{},
    "ansible_forks":5,
    "ansible_host":"192.168.10.1",
    "ansible_inventory_sources":[
      "/home/centos/code/netbox_ansible/m4_netbox/netbox_inv.yml"
    ],
    "ansible_network_os":"ios",
    "ansible_playbook_python":"/home/centos/environments/netbox/bin/python3.7",
    "ansible_run_tags":[
      "all"
    ],
    "ansible_skip_tags":[],
    "ansible_verbosity":0,
    "ansible_version":{
      "full":"2.10.4",
      "major":2,
      "minor":10,
      "revision":4,
      "string":"2.10.4"
    },
    "custom_fields":{},
    "device_roles":[
      "router"
    ],
    "device_types":[
      "isr-4451"
    ],
    "group_names":[
      "device_roles_router"
    ],
    "groups":{
      "all":[
        "R1",
        "S2",
        "S3",
        "S4"
      ],
      "device_roles_router":[
        "R1"
      ],
      "device_roles_switch":[
        "S2",
        "S3",
        "S4"
      ],
      "ungrouped":[]
    },
    "inventory_dir":"/home/centos/code/netbox_ansible/m4_netbox",
    "inventory_file":"/home/centos/code/netbox_ansible/m4_netbox/netbox_inv.yml",
    "inventory_hostname":"R1",
    "inventory_hostname_short":"R1",
    "is_virtual":false,
    "local_context_data":[
      null
    ],
    "manufacturers":[
      "cisco"
    ],
    "omit":"__omit_place_holder__abb6ae83dc73fcbc6bf4bfaeae61b5e3f24b20e4",
    "platforms":[
      "ios"
    ],
    "playbook_dir":"/home/centos/code/netbox_ansible/m4_netbox",
    "primary_ip4":"192.168.10.1",
    "rack_groups":[],
    "racks":[
      "Row1RackA"
    ],
    "regions":[
      "americas"
    ],
    "services":[],
    "sites":[
      "globo-hq"
    ],
    "status":{
      "label":"Active",
      "value":"active"
    },
    "tags":[]
  },
  "S2":{
    "ansible_check_mode":false,
    "ansible_config_file":"/home/centos/code/netbox_ansible/m4_netbox/ansible.cfg",
    "ansible_diff_mode":false,
    "ansible_facts":{},
    "ansible_forks":5,
    "ansible_host":"192.168.10.2",
    "ansible_inventory_sources":[
      "/home/centos/code/netbox_ansible/m4_netbox/netbox_inv.yml"
    ],
    "ansible_network_os":"ios",
    "ansible_playbook_python":"/home/centos/environments/netbox/bin/python3.7",
    "ansible_run_tags":[
      "all"
    ],
    "ansible_skip_tags":[],
    "ansible_verbosity":0,
    "ansible_version":{
      "full":"2.10.4",
      "major":2,
      "minor":10,
      "revision":4,
      "string":"2.10.4"
    },
    "custom_fields":{},
    "device_roles":[
      "switch"
    ],
    "device_types":[
      "c9300-24t"
    ],
    "group_names":[
      "device_roles_switch"
    ],
    "groups":{
      "all":[
        "R1",
        "S2",
        "S3",
        "S4"
      ],
      "device_roles_router":[
        "R1"
      ],
      "device_roles_switch":[
        "S2",
        "S3",
        "S4"
      ],
      "ungrouped":[]
    },
    "inventory_dir":"/home/centos/code/netbox_ansible/m4_netbox",
    "inventory_file":"/home/centos/code/netbox_ansible/m4_netbox/netbox_inv.yml",
    "inventory_hostname":"S2",
    "inventory_hostname_short":"S2",
    "is_virtual":false,
    "local_context_data":[
      null
    ],
    "manufacturers":[
      "cisco"
    ],
    "omit":"__omit_place_holder__abb6ae83dc73fcbc6bf4bfaeae61b5e3f24b20e4",
    "platforms":[
      "ios"
    ],
    "playbook_dir":"/home/centos/code/netbox_ansible/m4_netbox",
    "primary_ip4":"192.168.10.2",
    "rack_groups":[],
    "racks":[
      "Row1RackA"
    ],
    "regions":[
      "americas"
    ],
    "services":[],
    "sites":[
      "globo-hq"
    ],
    "status":{
      "label":"Active",
      "value":"active"
    },
    "tags":[]
  },
  "S3":{
    "ansible_check_mode":false,
    "ansible_config_file":"/home/centos/code/netbox_ansible/m4_netbox/ansible.cfg",
    "ansible_diff_mode":false,
    "ansible_facts":{},
    "ansible_forks":5,
    "ansible_host":"192.168.10.3",
    "ansible_inventory_sources":[
      "/home/centos/code/netbox_ansible/m4_netbox/netbox_inv.yml"
    ],
    "ansible_network_os":"nxos",
    "ansible_playbook_python":"/home/centos/environments/netbox/bin/python3.7",
    "ansible_run_tags":[
      "all"
    ],
    "ansible_skip_tags":[],
    "ansible_verbosity":0,
    "ansible_version":{
      "full":"2.10.4",
      "major":2,
      "minor":10,
      "revision":4,
      "string":"2.10.4"
    },
    "custom_fields":{},
    "device_roles":[
      "switch"
    ],
    "device_types":[
      "n9k-9372tx"
    ],
    "group_names":[
      "device_roles_switch"
    ],
    "groups":{
      "all":[
        "R1",
        "S2",
        "S3",
        "S4"
      ],
      "device_roles_router":[
        "R1"
      ],
      "device_roles_switch":[
        "S2",
        "S3",
        "S4"
      ],
      "ungrouped":[]
    },
    "inventory_dir":"/home/centos/code/netbox_ansible/m4_netbox",
    "inventory_file":"/home/centos/code/netbox_ansible/m4_netbox/netbox_inv.yml",
    "inventory_hostname":"S3",
    "inventory_hostname_short":"S3",
    "is_virtual":false,
    "local_context_data":[
      null
    ],
    "manufacturers":[
      "cisco"
    ],
    "omit":"__omit_place_holder__abb6ae83dc73fcbc6bf4bfaeae61b5e3f24b20e4",
    "platforms":[
      "nxos"
    ],
    "playbook_dir":"/home/centos/code/netbox_ansible/m4_netbox",
    "primary_ip4":"192.168.10.3",
    "rack_groups":[],
    "racks":[
      "Row1RackB"
    ],
    "regions":[
      "americas"
    ],
    "services":[],
    "sites":[
      "globo-hq"
    ],
    "status":{
      "label":"Active",
      "value":"active"
    },
    "tags":[ 
  },
  "S4":{
    "ansible_check_mode":false,
    "ansible_config_file":"/home/centos/code/netbox_ansible/m4_netbox/ansible.cfg",
    "ansible_diff_mode":false,
    "ansible_facts":{},
    "ansible_forks":5,
    "ansible_host":"192.168.10.4",
    "ansible_inventory_sources":[
      "/home/centos/code/netbox_ansible/m4_netbox/netbox_inv.yml"
    ],
    "ansible_network_os":"eos",
    "ansible_playbook_python":"/home/centos/environments/netbox/bin/python3.7",
    "ansible_run_tags":[
      "all"
    ],
    "ansible_skip_tags":[],
    "ansible_verbosity":0,
    "ansible_version":{
      "full":"2.10.4",
      "major":2,
      "minor":10,
      "revision":4,
      "string":"2.10.4"
    },
    "custom_fields":{},
    "device_roles":[
      "switch"
    ],
    "device_types":[
      "dcs-7050qx-32s"
    ],
    "group_names":[
      "device_roles_switch"
    ],
    "groups":{
      "all":[
        "R1",
        "S2",
        "S3",
        "S4"
      ],
      "device_roles_router":[
        "R1"
      ],
      "device_roles_switch":[
        "S2",
        "S3",
        "S4"
      ],
      "ungrouped":[]
    },
    "inventory_dir":"/home/centos/code/netbox_ansible/m4_netbox",
    "inventory_file":"/home/centos/code/netbox_ansible/m4_netbox/netbox_inv.yml",
    "inventory_hostname":"S4",
    "inventory_hostname_short":"S4",
    "is_virtual":false,
    "local_context_data":[
      null
    ],
    "manufacturers":[
      "arista"
    ],
    "omit":"__omit_place_holder__abb6ae83dc73fcbc6bf4bfaeae61b5e3f24b20e4",
    "platforms":[
      "eos"
    ],
    "playbook_dir":"/home/centos/code/netbox_ansible/m4_netbox",
    "primary_ip4":"192.168.10.4",
    "rack_groups":[],
    "racks":[
      "Row1RackB"
    ],
    "regions":[
      "americas"
    ],
    "services":[],
    "sites":[
      "globo-hq"
    ],
    "status":{
      "label":"Active",
      "value":"active"
    },
    "tags":[]
  }
}
