{
  "changed": false,
  "compliance_report": {
    "complies": false,
    "get_vlans": {
      "complies": false,
      "extra": [],
      "missing": [],
      "present": {
        "1": {
          "complies": false,
          "diff": {
            "complies": false,
            "extra": [],
            "missing": [],
            "present": {
              "interfaces": {
                "complies": false,
                "diff": {
                  "complies": false,
                  "extra": [
                    "Ethernet1"
                  ],
                  "missing": [],
                  "present": [
                    "Ethernet8",
                    "Ethernet9",
                    "Ethernet4",
                    "Ethernet6",
                    "Ethernet5",
                    "Ethernet10",
                    "Ethernet11",
                    "Ethernet12",
                    "Ethernet7"
                  ]
                },
                "nested": true
              },
              "name": {
                "complies": true,
                "nested": false
              }
            }
          },
          "nested": true
        },
        "10": {
          "complies": true,
          "nested": true
        },
        "11": {
          "complies": true,
          "nested": true
        },
        "12": {
          "complies": true,
          "nested": true
        },
        "13": {
          "complies": true,
          "nested": true
        }
      }
    },
    "skipped": []
  },
  "failed": false,
  "failed_when_result": false,
  "msg": "Device does not comply with policy"
}